stage,seed,fold,validation_ma_st_rae,validation_point_ma_st_rae,validation_rmse,generations,hidden_channels,ca_lr,ridge,ca_l2,gradient_clip,batch_molecules,update_scale,init_scale,initial_noise,support_fraction,bond_temperature,dyn_a,dyn_b,dyn_c,dyn_d,atom_feature_profile
stage1,1701,0,0.9850751987729384,0.9689339699004089,0.8627851009368896,64,8,0.001,0.1,1e-05,1.0,64,0.25,1.0,0.0,0.75,1.0,0.5,0.5,0.5,0.2,baseline
stage1,1701,0,0.9705259648768231,0.9567798619496859,0.8570067882537842,32,4,0.0003,0.01,1e-05,2.0,64,0.08,1.5,0.0,0.6,0.5,0.2,0.8,0.2,0.15,baseline
stage1,1701,0,0.926823066096567,0.9135087391924979,0.8398086428642273,500,8,0.001,0.1,1e-05,2.0,64,0.4,0.5,0.0,0.85,2.0,0.2,0.5,0.8,0.3,valence_electronic
stage1,1701,0,1.0643931202236907,1.0446926170641566,0.8830311894416809,250,16,0.001,0.1,1e-06,2.0,128,0.25,1.5,0.005,0.6,1.0,0.5,0.2,0.8,0.15,ring_geometry
stage1,1701,0,0.9887541932505677,0.976341543329422,0.8802617192268372,125,4,0.0003,0.1,1e-05,1.0,128,0.25,0.5,0.005,0.75,1.0,0.2,0.5,0.2,0.15,valence_electronic
stage1,1701,0,1.0885772654106658,1.0716161859239262,0.924385130405426,16,16,0.0003,0.1,1e-05,1.0,64,0.08,1.5,0.005,0.75,1.0,0.2,0.2,0.2,0.05,valence_electronic
stage1,1701,0,1.0320524903035115,1.0211622725751024,0.9316335320472717,16,4,0.0003,0.1,1e-05,2.0,64,0.08,1.0,0.01,0.85,0.5,0.8,0.2,0.8,0.15,ring_geometry
stage1,1701,0,1.053567569647747,1.0350324725279902,0.8845347166061401,32,16,0.0003,1.0,0.0001,0.5,64,0.08,0.5,0.0,0.75,0.5,0.5,0.8,0.8,0.05,electronic_local
stage1,1701,0,1.0490876714269077,1.0319557769703755,0.906809389591217,64,8,0.001,1.0,1e-05,1.0,64,0.4,1.5,0.005,0.6,1.0,0.8,0.8,0.8,0.05,electronic_local
stage1,1701,0,1.0086088938872575,0.996393857183206,0.8793017864227295,125,4,0.001,1.0,1e-06,0.5,64,0.15,1.5,0.0,0.85,1.0,0.2,0.8,0.2,0.15,periodic_electronic
stage1,1701,0,1.0123418385133816,0.9986230678926205,0.8908501863479614,125,4,0.001,1.0,1e-05,2.0,128,0.08,1.0,0.01,0.6,1.0,0.8,0.2,0.2,0.15,local_environment
stage1,1701,0,1.0547792135471528,1.0363204347343637,0.8802432417869568,32,16,0.001,0.1,1e-06,2.0,128,0.08,0.5,0.005,0.85,1.0,0.5,0.2,0.5,0.05,periodic
stage1,1701,0,1.0362088651205437,1.0217005451008592,0.8820067048072815,500,4,0.0003,0.01,1e-05,2.0,64,0.08,0.5,0.005,0.85,0.5,0.5,0.2,0.8,0.05,electronic
stage1,1701,0,1.0103579889901906,0.9984769116603983,0.8999737501144409,64,4,0.003,0.1,1e-06,2.0,64,0.25,1.5,0.005,0.75,1.0,0.2,0.8,0.2,0.3,periodic_valence
stage1,1701,0,1.0883798093187758,1.0676543694436884,0.8848057985305786,250,16,0.003,0.1,0.0001,0.5,128,0.08,1.0,0.01,0.6,0.5,0.5,0.2,0.8,0.15,local_environment
stage1,1701,0,1.0592673256528766,1.0394437389157554,0.8879399299621582,16,8,0.0003,0.01,1e-05,2.0,128,0.08,1.5,0.005,0.85,0.5,0.5,0.5,0.2,0.3,valence_electronic
stage1,1701,0,0.9857238985498948,0.9711308766826336,0.883592426776886,250,16,0.003,1.0,1e-06,2.0,128,0.15,1.5,0.0,0.85,0.5,0.5,0.2,0.5,0.05,comprehensive
stage1,1701,0,1.0308831566487837,1.0177565470398076,0.8927409648895264,125,4,0.0003,0.1,1e-06,2.0,128,0.15,1.0,0.0,0.75,2.0,0.8,0.2,0.5,0.15,periodic_electronic
stage1,1701,0,0.9874508544150329,0.9738851930208892,0.8699676990509033,125,4,0.0003,0.1,1e-06,0.5,128,0.25,0.5,0.01,0.6,1.0,0.2,0.8,0.8,0.05,valence_electronic
stage1,1701,0,1.06161941936255,1.0443169649733903,0.9171032309532166,32,16,0.001,0.1,1e-06,0.5,64,0.25,1.5,0.01,0.75,0.5,0.8,0.8,0.8,0.15,valence
stage1,1701,0,1.0517098623164447,1.0351645284654825,0.9084689021110535,64,16,0.003,0.1,1e-05,1.0,128,0.15,0.5,0.01,0.6,0.5,0.2,0.8,0.5,0.05,local_environment
stage1,1701,0,0.9551056373528488,0.9425242522622251,0.8642990589141846,500,8,0.003,0.1,1e-06,1.0,64,0.25,0.5,0.005,0.6,1.0,0.8,0.8,0.8,0.3,comprehensive
stage1,1701,0,1.0056464835801433,0.9916326619452288,0.898342490196228,32,4,0.001,0.01,1e-06,2.0,64,0.4,1.5,0.005,0.75,1.0,0.2,0.2,0.5,0.05,ring_geometry
stage1,1701,0,1.0139645715510672,0.9950502265295489,0.8641865253448486,125,16,0.0003,1.0,1e-05,1.0,128,0.08,1.0,0.0,0.6,2.0,0.5,0.2,0.5,0.05,electronic
stage1,1701,0,1.0506600697884299,1.0305487759771461,0.862895667552948,64,16,0.003,0.1,0.0001,1.0,128,0.4,0.5,0.005,0.6,0.5,0.2,0.8,0.2,0.05,electronic
stage1,1701,0,0.9731437733448332,0.9547699331112162,0.8479819297790527,16,8,0.003,0.01,0.0001,1.0,64,0.25,0.5,0.0,0.75,1.0,0.8,0.2,0.5,0.05,valence_electronic
stage1,1701,0,0.962832717572295,0.9492431702471262,0.8647725582122803,250,8,0.0003,1.0,0.0001,2.0,128,0.25,0.5,0.0,0.85,0.5,0.5,0.8,0.5,0.3,valence
stage1,1701,0,0.9853092258707852,0.9684340362974077,0.8596561551094055,16,16,0.001,0.1,0.0001,0.5,128,0.08,1.0,0.0,0.75,0.5,0.5,0.5,0.2,0.05,electronic
stage1,1701,0,0.9946084425406556,0.9815675522355056,0.8937772512435913,125,4,0.001,0.1,0.0001,2.0,128,0.15,1.0,0.005,0.6,0.5,0.2,0.5,0.8,0.05,electronic_local
stage1,1701,0,0.9515147067896578,0.9407872722108351,0.8769384026527405,32,4,0.0003,1.0,0.0001,1.0,64,0.15,1.5,0.0,0.85,1.0,0.8,0.8,0.8,0.05,periodic
stage1,1701,0,0.9499726021961866,0.9335545049516851,0.8431562781333923,32,8,0.001,0.1,1e-05,2.0,64,0.15,1.5,0.005,0.85,0.5,0.2,0.2,0.2,0.15,valence_electronic
stage1,1701,0,0.9701613678317657,0.9564962771703915,0.8692892789840698,16,8,0.003,0.01,1e-06,0.5,128,0.15,0.5,0.0,0.85,2.0,0.2,0.8,0.8,0.3,baseline
stage1,1701,0,0.984656669678752,0.9682501614729885,0.8570603132247925,125,8,0.001,0.01,1e-05,1.0,128,0.25,1.0,0.005,0.75,0.5,0.8,0.5,0.2,0.3,valence_electronic
stage1,1701,0,0.9612590103977674,0.950125332015436,0.8780842423439026,16,4,0.0003,0.01,1e-05,0.5,64,0.08,1.5,0.005,0.75,0.5,0.2,0.8,0.8,0.05,electronic_local
stage1,1701,0,1.1707937709845138,1.1538501248017803,1.019432544708252,16,16,0.001,0.1,1e-06,0.5,64,0.4,1.5,0.01,0.85,1.0,0.8,0.8,0.5,0.05,periodic_electronic
stage1,1701,0,1.1271133926943737,1.10792753639132,0.9259251952171326,16,16,0.003,1.0,1e-06,1.0,64,0.25,1.5,0.0,0.6,1.0,0.5,0.2,0.2,0.15,local_environment
stage1,1701,0,1.101499376499996,1.0793387739253972,0.8902793526649475,32,16,0.0003,0.01,1e-06,0.5,64,0.15,1.5,0.005,0.75,2.0,0.8,0.2,0.5,0.15,ring_geometry
stage1,1701,0,0.9346107121133667,0.9176252120475521,0.8392806053161621,125,16,0.003,1.0,1e-06,1.0,128,0.4,0.5,0.0,0.75,2.0,0.5,0.5,0.2,0.3,periodic_electronic
stage1,1701,0,1.0365662342278688,1.0164290076803248,0.8606920838356018,250,16,0.0003,0.01,1e-06,0.5,64,0.4,1.0,0.0,0.75,0.5,0.5,0.5,0.8,0.05,electronic
stage1,1701,0,0.9589928838205158,0.945738529911417,0.8581529855728149,250,8,0.0003,1.0,0.0001,1.0,64,0.25,0.5,0.0,0.6,2.0,0.5,0.2,0.5,0.05,electronic_local
stage1,1701,0,1.0357723107745382,1.0233068689871971,0.8999330997467041,500,4,0.0003,0.1,1e-06,1.0,64,0.4,0.5,0.0,0.85,1.0,0.2,0.8,0.8,0.3,valence_electronic
stage1,1701,0,0.980720185200274,0.9660891260733094,0.8650678992271423,500,8,0.003,1.0,0.0001,0.5,128,0.4,1.0,0.0,0.85,2.0,0.2,0.5,0.8,0.3,ring_geometry
stage1,1701,0,0.9784593300425701,0.9636170348656045,0.8588783740997314,32,8,0.003,1.0,1e-06,1.0,128,0.15,1.0,0.0,0.85,1.0,0.8,0.8,0.5,0.3,comprehensive
stage1,1701,0,0.9719797136867081,0.9604176164090288,0.8864571452140808,32,4,0.001,1.0,0.0001,0.5,128,0.15,1.0,0.0,0.75,2.0,0.8,0.8,0.2,0.3,periodic
stage1,1701,0,0.9811568969186817,0.9666179060069711,0.8684471845626831,500,4,0.001,0.01,0.0001,1.0,64,0.15,1.5,0.005,0.85,2.0,0.2,0.8,0.5,0.3,local_environment
stage1,1701,0,0.9794167206384565,0.9682565918482182,0.8719697594642639,125,4,0.0003,1.0,1e-06,1.0,128,0.4,0.5,0.0,0.75,0.5,0.2,0.2,0.2,0.3,valence_electronic
stage1,1701,0,0.9944785650554141,0.9807305367435566,0.8792109489440918,16,4,0.0003,0.01,1e-05,1.0,64,0.15,1.0,0.0,0.85,2.0,0.2,0.8,0.8,0.3,valence_electronic
stage1,1701,0,1.0093800965361859,0.99928951474123,0.9064744114875793,500,4,0.001,1.0,0.0001,2.0,64,0.4,0.5,0.005,0.75,0.5,0.8,0.5,0.8,0.3,comprehensive
stage1,1701,0,1.0170633302831156,1.0018904897944068,0.8809046149253845,16,4,0.003,0.1,1e-05,1.0,64,0.15,0.5,0.0,0.6,2.0,0.2,0.5,0.8,0.3,periodic_electronic
stage1,1701,0,1.0070470747681244,0.9939008888200681,0.8704403042793274,32,4,0.001,0.1,0.0001,0.5,128,0.4,1.5,0.0,0.75,2.0,0.2,0.8,0.8,0.05,periodic
stage1,1701,0,1.0511299387335902,1.035566791659633,0.9130327701568604,500,4,0.003,0.1,0.0001,2.0,64,0.15,1.5,0.0,0.6,1.0,0.5,0.8,0.5,0.15,comprehensive
stage1,1701,0,0.9604925601720928,0.9444526430300031,0.8426111936569214,250,8,0.003,1.0,1e-05,1.0,64,0.08,0.5,0.01,0.6,0.5,0.5,0.5,0.5,0.3,valence_electronic
stage1,1701,0,0.991116404943223,0.977817068160466,0.8781929612159729,125,4,0.001,0.01,1e-05,0.5,128,0.15,1.5,0.01,0.6,2.0,0.8,0.2,0.5,0.05,valence_electronic
stage1,1701,0,1.002796603623416,0.9839819965095231,0.8631861805915833,32,16,0.003,0.1,0.0001,1.0,64,0.4,1.5,0.005,0.6,2.0,0.8,0.5,0.8,0.3,valence_electronic
stage1,1701,0,0.9933420716230198,0.9801987496698604,0.8841938972473145,16,4,0.001,0.1,1e-06,2.0,64,0.4,1.5,0.005,0.75,1.0,0.5,0.2,0.5,0.05,ring_geometry
stage1,1701,0,1.02194835326547,1.0079950522492516,0.883272111415863,16,4,0.0003,0.01,0.0001,2.0,128,0.08,0.5,0.01,0.85,0.5,0.2,0.5,0.2,0.3,periodic_electronic
stage2,1701,0,0.8809464677787309,0.8771828796122195,0.8243110775947571,500,8,0.001,0.1,1e-05,2.0,64,0.4,0.5,0.0,0.85,2.0,0.2,0.5,0.8,0.3,valence_electronic
stage2,1701,1,0.9315442957844582,0.9280688712198183,0.8886078596115112,500,8,0.001,0.1,1e-05,2.0,64,0.4,0.5,0.0,0.85,2.0,0.2,0.5,0.8,0.3,valence_electronic
stage2,1701,2,0.8770242618893012,0.8723736981937696,0.8840305805206299,500,8,0.001,0.1,1e-05,2.0,64,0.4,0.5,0.0,0.85,2.0,0.2,0.5,0.8,0.3,valence_electronic
stage2,1701,0,0.8635990265893406,0.8593113245316812,0.8023667335510254,125,16,0.003,1.0,1e-06,1.0,128,0.4,0.5,0.0,0.75,2.0,0.5,0.5,0.2,0.3,periodic_electronic
stage2,1701,1,0.8776274470257658,0.8738296286527836,0.8655055165290833,125,16,0.003,1.0,1e-06,1.0,128,0.4,0.5,0.0,0.75,2.0,0.5,0.5,0.2,0.3,periodic_electronic
stage2,1701,2,0.8523986587250848,0.8474277430604633,0.8633706569671631,125,16,0.003,1.0,1e-06,1.0,128,0.4,0.5,0.0,0.75,2.0,0.5,0.5,0.2,0.3,periodic_electronic
stage2,1701,0,0.9039854992177851,0.8992178065147931,0.8401778340339661,32,8,0.001,0.1,1e-05,2.0,64,0.15,1.5,0.005,0.85,0.5,0.2,0.2,0.2,0.15,valence_electronic
stage2,1701,1,0.8922453175115925,0.8885070587370508,0.8654265999794006,32,8,0.001,0.1,1e-05,2.0,64,0.15,1.5,0.005,0.85,0.5,0.2,0.2,0.2,0.15,valence_electronic
stage2,1701,2,0.8774092051888649,0.8723753797528911,0.8950372338294983,32,8,0.001,0.1,1e-05,2.0,64,0.15,1.5,0.005,0.85,0.5,0.2,0.2,0.2,0.15,valence_electronic
stage2,1701,0,0.9417608521370593,0.9378170374832034,0.8739590048789978,32,4,0.0003,1.0,0.0001,1.0,64,0.15,1.5,0.0,0.85,1.0,0.8,0.8,0.8,0.05,periodic
stage2,1701,1,0.9949128547182622,0.9914131406000299,0.948951005935669,32,4,0.0003,1.0,0.0001,1.0,64,0.15,1.5,0.0,0.85,1.0,0.8,0.8,0.8,0.05,periodic
stage2,1701,2,0.9666998013971727,0.9610772307734071,0.9443143606185913,32,4,0.0003,1.0,0.0001,1.0,64,0.15,1.5,0.0,0.85,1.0,0.8,0.8,0.8,0.05,periodic
stage2,1701,0,0.8813685875873053,0.8781228930549002,0.8284509778022766,500,8,0.003,0.1,1e-06,1.0,64,0.25,0.5,0.005,0.6,1.0,0.8,0.8,0.8,0.3,comprehensive
stage2,1701,1,0.9163891997374236,0.912814831821617,0.8885166645050049,500,8,0.003,0.1,1e-06,1.0,64,0.25,0.5,0.005,0.6,1.0,0.8,0.8,0.8,0.3,comprehensive
stage2,1701,2,0.8674524394473054,0.8619657753643716,0.8804551959037781,500,8,0.003,0.1,1e-06,1.0,64,0.25,0.5,0.005,0.6,1.0,0.8,0.8,0.8,0.3,comprehensive
stage2,1701,0,0.8990285491278859,0.8942225627254732,0.8278807401657104,250,8,0.003,1.0,1e-05,1.0,64,0.08,0.5,0.01,0.6,0.5,0.5,0.5,0.5,0.3,valence_electronic
stage2,1701,1,0.8868748087411661,0.8839191295205825,0.8742320537567139,250,8,0.003,1.0,1e-05,1.0,64,0.08,0.5,0.01,0.6,0.5,0.5,0.5,0.5,0.3,valence_electronic
stage2,1701,2,0.872240513863559,0.8675572160320941,0.886206865310669,250,8,0.003,1.0,1e-05,1.0,64,0.08,0.5,0.01,0.6,0.5,0.5,0.5,0.5,0.3,valence_electronic
stage2,1701,0,0.8720267082766239,0.8684641390829995,0.8196592926979065,250,8,0.0003,1.0,0.0001,1.0,64,0.25,0.5,0.0,0.6,2.0,0.5,0.2,0.5,0.05,electronic_local
stage2,1701,1,0.8961670952068418,0.8925595759172531,0.8919004201889038,250,8,0.0003,1.0,0.0001,1.0,64,0.25,0.5,0.0,0.6,2.0,0.5,0.2,0.5,0.05,electronic_local
stage2,1701,2,0.8602783726304363,0.8565709578159925,0.8613061904907227,250,8,0.0003,1.0,0.0001,1.0,64,0.25,0.5,0.0,0.6,2.0,0.5,0.2,0.5,0.05,electronic_local
stage2,1701,0,0.9181441589989731,0.9145184403831539,0.8479670286178589,250,8,0.0003,1.0,0.0001,2.0,128,0.25,0.5,0.0,0.85,0.5,0.5,0.8,0.5,0.3,valence
stage2,1701,1,0.9243094143980021,0.9214002770358851,0.9061557054519653,250,8,0.0003,1.0,0.0001,2.0,128,0.25,0.5,0.0,0.85,0.5,0.5,0.8,0.5,0.3,valence
stage2,1701,2,0.8739777137916122,0.8689739974472974,0.8805698752403259,250,8,0.0003,1.0,0.0001,2.0,128,0.25,0.5,0.0,0.85,0.5,0.5,0.8,0.5,0.3,valence
confirmation,1701,0,0.834707098864947,0.8328128237683772,0.7909389138221741,125,16,0.003,1.0,1e-06,1.0,128,0.4,0.5,0.0,0.75,2.0,0.5,0.5,0.2,0.3,periodic_electronic
confirmation,1701,1,0.8746522707901416,0.8725085402979197,0.8728566765785217,125,16,0.003,1.0,1e-06,1.0,128,0.4,0.5,0.0,0.75,2.0,0.5,0.5,0.2,0.3,periodic_electronic
confirmation,1701,2,0.8264599824745688,0.8237874311938662,0.8313006162643433,125,16,0.003,1.0,1e-06,1.0,128,0.4,0.5,0.0,0.75,2.0,0.5,0.5,0.2,0.3,periodic_electronic
confirmation,1701,3,0.8997648045242654,0.8971141433363486,0.8968815803527832,125,16,0.003,1.0,1e-06,1.0,128,0.4,0.5,0.0,0.75,2.0,0.5,0.5,0.2,0.3,periodic_electronic
confirmation,1701,4,0.9079026643011859,0.9055981054718345,0.9067196846008301,125,16,0.003,1.0,1e-06,1.0,128,0.4,0.5,0.0,0.75,2.0,0.5,0.5,0.2,0.3,periodic_electronic
confirmation,2909,0,0.8355278363768321,0.8320654607062972,0.7869438529014587,125,16,0.003,1.0,1e-06,1.0,128,0.4,0.5,0.0,0.75,2.0,0.5,0.5,0.2,0.3,periodic_electronic
confirmation,2909,1,0.864295100192044,0.8617030550047077,0.8667199611663818,125,16,0.003,1.0,1e-06,1.0,128,0.4,0.5,0.0,0.75,2.0,0.5,0.5,0.2,0.3,periodic_electronic
confirmation,2909,2,0.8298861333841212,0.8259938712903458,0.8328992128372192,125,16,0.003,1.0,1e-06,1.0,128,0.4,0.5,0.0,0.75,2.0,0.5,0.5,0.2,0.3,periodic_electronic
confirmation,2909,3,0.8878861798968692,0.8826863531614499,0.8952996134757996,125,16,0.003,1.0,1e-06,1.0,128,0.4,0.5,0.0,0.75,2.0,0.5,0.5,0.2,0.3,periodic_electronic
confirmation,2909,4,0.8951887961529187,0.8917020619187607,0.8842257261276245,125,16,0.003,1.0,1e-06,1.0,128,0.4,0.5,0.0,0.75,2.0,0.5,0.5,0.2,0.3,periodic_electronic
confirmation,4211,0,0.8569348663939728,0.8539670193847219,0.7980526685714722,125,16,0.003,1.0,1e-06,1.0,128,0.4,0.5,0.0,0.75,2.0,0.5,0.5,0.2,0.3,periodic_electronic
confirmation,4211,1,0.8879881264336849,0.8859012743489407,0.8811697363853455,125,16,0.003,1.0,1e-06,1.0,128,0.4,0.5,0.0,0.75,2.0,0.5,0.5,0.2,0.3,periodic_electronic
confirmation,4211,2,0.8192276749502637,0.815893693643357,0.8337505459785461,125,16,0.003,1.0,1e-06,1.0,128,0.4,0.5,0.0,0.75,2.0,0.5,0.5,0.2,0.3,periodic_electronic
confirmation,4211,3,0.8940142170985085,0.8896001713091072,0.8849203586578369,125,16,0.003,1.0,1e-06,1.0,128,0.4,0.5,0.0,0.75,2.0,0.5,0.5,0.2,0.3,periodic_electronic
confirmation,4211,4,0.9001240608175443,0.8951909711160428,0.8956637382507324,125,16,0.003,1.0,1e-06,1.0,128,0.4,0.5,0.0,0.75,2.0,0.5,0.5,0.2,0.3,periodic_electronic
confirmation,1701,0,0.8536015986471461,0.8512591678207645,0.8083069920539856,250,8,0.0003,1.0,0.0001,1.0,64,0.25,0.5,0.0,0.6,2.0,0.5,0.2,0.5,0.05,electronic_local
confirmation,1701,1,0.9113642507353975,0.9096220911130058,0.8953928351402283,250,8,0.0003,1.0,0.0001,1.0,64,0.25,0.5,0.0,0.6,2.0,0.5,0.2,0.5,0.05,electronic_local
confirmation,1701,2,0.843098629099595,0.8406806307074451,0.8478702306747437,250,8,0.0003,1.0,0.0001,1.0,64,0.25,0.5,0.0,0.6,2.0,0.5,0.2,0.5,0.05,electronic_local
confirmation,1701,3,0.9024401449940492,0.8993036964590508,0.901248037815094,250,8,0.0003,1.0,0.0001,1.0,64,0.25,0.5,0.0,0.6,2.0,0.5,0.2,0.5,0.05,electronic_local
confirmation,1701,4,0.9023402053634626,0.8996406159966136,0.9043078422546387,250,8,0.0003,1.0,0.0001,1.0,64,0.25,0.5,0.0,0.6,2.0,0.5,0.2,0.5,0.05,electronic_local
confirmation,2909,0,0.8555479288631131,0.8524434986745127,0.7971640825271606,250,8,0.0003,1.0,0.0001,1.0,64,0.25,0.5,0.0,0.6,2.0,0.5,0.2,0.5,0.05,electronic_local
confirmation,2909,1,0.9379686975373169,0.9355158321777147,0.9062212705612183,250,8,0.0003,1.0,0.0001,1.0,64,0.25,0.5,0.0,0.6,2.0,0.5,0.2,0.5,0.05,electronic_local
confirmation,2909,2,0.8652573313484979,0.8613980091439349,0.8577705025672913,250,8,0.0003,1.0,0.0001,1.0,64,0.25,0.5,0.0,0.6,2.0,0.5,0.2,0.5,0.05,electronic_local
confirmation,2909,3,0.906666903648861,0.9034740265762737,0.8954726457595825,250,8,0.0003,1.0,0.0001,1.0,64,0.25,0.5,0.0,0.6,2.0,0.5,0.2,0.5,0.05,electronic_local
confirmation,2909,4,0.9011279863851769,0.8971738851636966,0.9020937085151672,250,8,0.0003,1.0,0.0001,1.0,64,0.25,0.5,0.0,0.6,2.0,0.5,0.2,0.5,0.05,electronic_local
confirmation,4211,0,0.8798629202864936,0.8769177086882755,0.8260570764541626,250,8,0.0003,1.0,0.0001,1.0,64,0.25,0.5,0.0,0.6,2.0,0.5,0.2,0.5,0.05,electronic_local
confirmation,4211,1,0.9244547873016972,0.9212306258310441,0.907801628112793,250,8,0.0003,1.0,0.0001,1.0,64,0.25,0.5,0.0,0.6,2.0,0.5,0.2,0.5,0.05,electronic_local
confirmation,4211,2,0.8863044432257737,0.8826802309018039,0.8804309368133545,250,8,0.0003,1.0,0.0001,1.0,64,0.25,0.5,0.0,0.6,2.0,0.5,0.2,0.5,0.05,electronic_local
confirmation,4211,3,0.9499887577559494,0.9458376803179728,0.9242841005325317,250,8,0.0003,1.0,0.0001,1.0,64,0.25,0.5,0.0,0.6,2.0,0.5,0.2,0.5,0.05,electronic_local
confirmation,4211,4,0.9219533960401236,0.9165883661892688,0.9176276922225952,250,8,0.0003,1.0,0.0001,1.0,64,0.25,0.5,0.0,0.6,2.0,0.5,0.2,0.5,0.05,electronic_local
