validation_pair_index,training_index,molecule_id,cyp_index,cyp_target,experimental_pic50,predicted_pic50,late_motion,final_step,late_amplitude,recurrence_ratio,recurrence_lag,recurrence_distance,spectral_entropy,spectral_concentration,selected_for_perturbation,dynamical_classification,dynamic_score
34,3917,OCNT-2318002,0,CYP1A2,5.308471928,5.023080825805664,0.2091191411028371,0.0819775462150573,0.1981766670942306,0.6111091115988782,11,1.405740737915039,0.4981553477075102,0.5991021394729614,False,not_selected,0.5126628839349676
592,2542,OCNT-2314462,0,CYP1A2,5.02937702,5.741384029388428,0.2099532783041463,0.1255483329296112,0.2047495245933532,0.6058246464610397,11,1.3991435766220093,0.4534594975918844,0.6423627138137817,False,not_selected,0.5037077777939795
1096,3907,OCNT-2317983,0,CYP1A2,5.537184468,5.352185249328613,0.1992105096588598,0.0355210825800895,0.1883242279291153,0.5930186615536984,11,1.299491047859192,0.4870524621735909,0.6086193323135376,False,not_selected,0.4995398932352803
1297,2754,OCNT-2315030,0,CYP1A2,1.999050187,5.135444641113281,0.2438761591921316,0.1047359183430671,0.2592505216598511,0.7160570533660217,11,1.9209216833114624,0.466638087925814,0.6292839646339417,False,not_selected,0.4995105657110365
942,1589,OCNT-2311975,0,CYP1A2,5.7417475,5.3202104568481445,0.2129347175369726,0.2910825312137604,0.207108587026596,0.6258895907061329,11,1.4660098552703855,0.4656339322847755,0.6285070776939392,False,not_selected,0.49862524000689223
1152,1677,OCNT-2312208,0,CYP1A2,4.35866423,5.706545829772949,0.2036112844954,0.2104368954896927,0.2085079401731491,0.6409828866859822,11,1.4356248378753662,0.4703740603324345,0.6338896751403809,False,not_selected,0.4670713638875549
1223,868,OCNT-2310298,0,CYP1A2,6.93558928,5.803361415863037,0.2313804626474843,0.2317871302366256,0.2585181593894958,0.7344060764647893,11,1.8691993951797483,0.4672967774477752,0.6340965032577515,False,not_selected,0.4622834942233847
925,2521,OCNT-2314408,0,CYP1A2,5.046927207,5.588298320770264,0.2112749814997182,0.1816498190164566,0.2167205214500427,0.6750901869658775,11,1.5689263343811035,0.4629953522855997,0.6407499313354492,False,not_selected,0.45785633083707816
341,1709,OCNT-2312299,0,CYP1A2,5.178202748,5.614034175872803,0.2062699794779287,0.2251902967691421,0.2145659923553466,0.6825032897227454,11,1.5485793352127075,0.4617376213261051,0.6431457996368408,False,not_selected,0.44177455800328236
1003,3926,OCNT-2318024,0,CYP1A2,4.42591923,4.591312885284424,0.1718456745157705,0.1644766926765442,0.1573320478200912,0.5830101848950118,11,1.1020655632019043,0.495514645469295,0.6114939451217651,False,not_selected,0.4408117210596663
1256,1716,OCNT-2312312,0,CYP1A2,5.232058398,4.761287212371826,0.1885658800611959,0.1716264933347702,0.1902711540460586,0.6388602803339406,11,1.3251397609710691,0.4898660822183329,0.616295576095581,False,not_selected,0.43974859232127583
755,693,OCNT-2309846,0,CYP1A2,5.503999183,4.6391282081604,0.1965053379545675,0.2224926799535751,0.1930301785469055,0.651496504023172,11,1.408247947692871,0.4474804621194581,0.6618122458457947,False,not_selected,0.436591195248073
903,2778,OCNT-2315086,0,CYP1A2,4.003649968,4.428077697753906,0.2071988582621084,0.127696081995964,0.2172951102256775,0.6936268287199198,11,1.580905556678772,0.4601562109559998,0.6342867612838745,False,not_selected,0.4361750256297734
510,1210,OCNT-2311030,0,CYP1A2,5.26911858,4.702818393707275,0.1889590322981344,0.1331159621477127,0.185460090637207,0.6531275142162307,11,1.357557773590088,0.4777020220765419,0.6273210048675537,False,not_selected,0.42752010601123874
576,2405,OCNT-2314135,0,CYP1A2,4.879882067,4.947797775268555,0.1888486742983327,0.2187360376119613,0.1893450170755386,0.6465083042051744,11,1.3430145978927612,0.4603299782627689,0.6447949409484863,False,not_selected,0.4265705152420062
780,1670,OCNT-2312174,0,CYP1A2,5.44967587,5.372893333435059,0.2054901123056875,0.1075267419219017,0.2268315702676773,0.7230025035908072,11,1.6342685222625732,0.4650038577199661,0.635205090045929,False,not_selected,0.4163800343097027
81,4000,OCNT-2318236,0,CYP1A2,6.25668999,5.101085186004639,0.1488822698603139,0.181687906384468,0.133395567536354,0.5302252173029189,11,0.868352472782135,0.4744296319284545,0.6180551648139954,False,not_selected,0.4140060170420095
624,3462,OCNT-2316836,0,CYP1A2,4.935100625,4.955852031707764,0.1929035484800802,0.1735952347517013,0.1991655081510543,0.6842664314807925,11,1.4519716501235962,0.4596911967403559,0.641927182674408,False,not_selected,0.4115058091144334
718,653,OCNT-2309734,0,CYP1A2,5.255905082,4.640953063964844,0.1823113858709798,0.1444839835166931,0.177210584282875,0.6659593001421491,11,1.3355315923690796,0.4912321914714857,0.6144146919250488,False,not_selected,0.40823607001892526
952,1635,OCNT-2312078,0,CYP1A2,5.722540748,5.258770942687988,0.1740370690832601,0.1873324811458587,0.1740021854639053,0.6286180373177751,11,1.203431248664856,0.471776100523473,0.6228868365287781,False,not_selected,0.4074709659538623
983,2751,OCNT-2315016,0,CYP1A2,6.212632232,5.075299739837647,0.1954771280298696,0.2099830657243728,0.2092299163341522,0.7025803501104596,11,1.510722279548645,0.4591651787332944,0.641614556312561,False,not_selected,0.40597978354380587
20,480,OCNT-2309302,0,CYP1A2,6.495533205,5.4181413650512695,0.1871030628691183,0.0359646119177341,0.1983911544084549,0.6810260026867232,11,1.4016425609588623,0.464905890758854,0.6286225318908691,False,not_selected,0.40246389696529433
615,2118,OCNT-2313365,0,CYP1A2,5.89035038,5.02409553527832,0.1826174408207403,0.1536223739385604,0.1887775659561157,0.6659121550837948,11,1.3376789093017578,0.4520314871808066,0.6557943820953369,False,not_selected,0.39820008113040883
502,637,OCNT-2309695,0,CYP1A2,4.387167883,5.351189613342285,0.1928644925365911,0.1324204355478286,0.2163386642932891,0.7215406486203924,11,1.5307552814483645,0.466158318136172,0.6357150077819824,False,not_selected,0.3918973664842019
1022,1418,OCNT-2311582,0,CYP1A2,4.553127107,4.8604254722595215,0.1719061434278951,0.366429716348648,0.1693766713142395,0.6463431095989465,11,1.222213864326477,0.4694151818114646,0.6429344415664673,False,not_selected,0.39081641507147263
690,76,OCNT-0493904,0,CYP1A2,6.40645018,4.293768882751465,0.1378109455118642,0.0361140370368957,0.1230934560298919,0.5310711422679154,11,0.8050615787506104,0.485251887794961,0.6178701519966125,False,not_selected,0.3854172269768061
1200,1714,OCNT-2312308,0,CYP1A2,5.894582448,5.153779029846191,0.1855246126661764,0.1177145913243293,0.1966903209686279,0.6997373698357569,11,1.4280035495758057,0.4518851682379344,0.6472113132476807,False,not_selected,0.38494504521937095
719,3325,OCNT-2316464,0,CYP1A2,4.97757222,4.876849174499512,0.1623836159716115,0.1546140909194946,0.165684089064598,0.6279137987921227,11,1.1215920448303225,0.4690202515337582,0.6370648145675659,False,not_selected,0.3799005864156055
771,1067,OCNT-2310736,0,CYP1A2,5.9101339,5.113877296447754,0.1895395219336019,0.2054691463708877,0.202185720205307,0.7278677631954686,11,1.5175567865371704,0.4514710857438135,0.6559069752693176,False,not_selected,0.37796856737347706
665,3147,OCNT-2315954,0,CYP1A2,4.920125312,4.805335521697998,0.1326905488977895,0.136244535446167,0.116590216755867,0.5164581301509918,11,0.7538202404975891,0.4708059833393535,0.645465612411499,False,not_selected,0.3778855280957513
70,2625,OCNT-2314657,0,CYP1A2,6.829797427,5.073391914367676,0.1823238283405767,0.1797007471323013,0.1945214867591858,0.7100138014391544,11,1.4239767789840698,0.4567698204954508,0.6447131633758545,False,not_selected,0.3740826588798451
491,3514,OCNT-2316966,0,CYP1A2,4.798313712,4.092722892761231,0.1546842008839117,0.0870947539806366,0.1477959752082824,0.6133916717681976,11,1.0437020063400269,0.4723806598496896,0.628915548324585,False,not_selected,0.371302768277305
163,2519,OCNT-2314405,0,CYP1A2,5.130239262,5.068838119506836,0.1703629791746602,0.1765010952949524,0.174491137266159,0.6705935168078349,11,1.2566874027252195,0.4558809046512133,0.651398777961731,False,not_selected,0.3698637132976563
1177,4324,OCNT-2328824,0,CYP1A2,5.378572777,5.368923664093018,0.1807792633781896,0.1128325685858726,0.1985629498958587,0.7078463620419181,11,1.40760338306427,0.4464034462971045,0.6639465093612671,False,not_selected,0.3694018414037999
482,2550,OCNT-2314482,0,CYP1A2,5.075178525,5.517541885375977,0.1825531721125112,0.0778746232390403,0.2026468068361282,0.7216530898642345,11,1.4491406679153442,0.4575763233954671,0.6453090906143188,False,not_selected,0.36871619503769176
765,2652,OCNT-2314739,0,CYP1A2,2.695982695,4.833318710327148,0.1436886489401327,0.0357779078185558,0.1374739557504654,0.5844404277023839,11,0.9237520098686218,0.4807809643250591,0.6249240040779114,False,not_selected,0.3640600582280128
999,677,OCNT-2309801,0,CYP1A2,5.83432212,5.106707572937012,0.1626368463049398,0.1256083548069,0.1617551445960998,0.6551139392333984,11,1.1720023155212402,0.4462791518824584,0.6581004858016968,False,not_selected,0.35904942034051957
55,2543,OCNT-2314465,0,CYP1A2,2.118008605,4.630140781402588,0.172463908792542,0.0925616398453712,0.1847699284553527,0.7032883286360854,11,1.3342103958129885,0.4590897156348669,0.642869234085083,False,not_selected,0.35780533444285034
297,837,OCNT-2310214,0,CYP1A2,5.464391818,5.7769951820373535,0.1750376671562658,0.107178159058094,0.1852415800094604,0.7091321110243627,11,1.365373134613037,0.438700149884477,0.6686476469039917,False,not_selected,0.35511960896732986
1075,606,OCNT-2309612,0,CYP1A2,5.372954847,4.797263145446777,0.1294978410015569,0.0905016288161277,0.1188780963420867,0.549606792644729,11,0.7829018235206604,0.4955447854288587,0.6252716183662415,False,not_selected,0.3523788705416599
84,1379,OCNT-2311473,0,CYP1A2,6.00149444,5.643209457397461,0.1732246279726491,0.169211283326149,0.1858234405517578,0.7050415914097574,11,1.3434362411499023,0.4315127176164861,0.6660680770874023,False,not_selected,0.35171436829903857
270,2520,OCNT-2314407,0,CYP1A2,4.971656497,4.9488935470581055,0.1625530570755468,0.0738867446780204,0.1741564720869064,0.6776673816482853,11,1.2117259502410889,0.4640126189165376,0.6382464170455933,False,not_selected,0.3511748289009047
776,2354,OCNT-2314004,0,CYP1A2,4.995842308,5.084441661834717,0.1689400225887762,0.0800001248717308,0.1899880915880203,0.7104581217554291,11,1.3202729225158691,0.4596006854958816,0.648708701133728,False,not_selected,0.34707882875488166
947,2484,OCNT-2314322,0,CYP1A2,4.90689459,4.389103412628174,0.1382915675650106,0.0798917934298515,0.1293543130159378,0.5919011614516606,11,0.9004043340682983,0.4667488031009214,0.6513182520866394,False,not_selected,0.342690645694053
443,1959,OCNT-2312959,0,CYP1A2,5.234491722,5.480093002319336,0.1551076769838796,0.0957250148057937,0.1625346541404724,0.6692959045403541,11,1.141942262649536,0.4520771902266589,0.6454265117645264,False,not_selected,0.3365153114630426
537,2643,OCNT-2314706,0,CYP1A2,6.074837122,5.567834854125977,0.1653685420761571,0.1935484409332275,0.1812423765659332,0.7045136686609462,11,1.2815483808517456,0.425553388601439,0.6753929853439331,False,not_selected,0.3346161983951489
308,2085,OCNT-2313250,0,CYP1A2,5.614650313,5.123517990112305,0.1570811569700704,0.1077799573540687,0.1637479662895202,0.6828859663159559,11,1.179953694343567,0.4520413970092553,0.644882321357727,False,not_selected,0.33400648697050517
1149,2700,OCNT-2314875,0,CYP1A2,4.88428075,5.688156604766846,0.1601784527311788,0.1607109606266021,0.1791601181030273,0.7145724087873279,11,1.2590501308441162,0.4587568915842425,0.6441570520401001,False,not_selected,0.3269947438936879
616,1474,OCNT-2311709,0,CYP1A2,5.237559848,4.867990493774414,0.1473442018042074,0.0881696417927742,0.1543721556663513,0.6640558153946046,11,1.0762925148010254,0.4539853666256926,0.6508620381355286,False,not_selected,0.3226179310742938
954,954,OCNT-2310481,0,CYP1A2,4.89869086,4.985786437988281,0.1552015542994008,0.1943470537662506,0.1688516736030578,0.7125092040232924,11,1.2164078950881958,0.4423058293096954,0.6708284616470337,False,not_selected,0.3141687226213477
1167,2557,OCNT-2314499,0,CYP1A2,5.231568163,4.948259353637695,0.144299641252564,0.1950793713331222,0.1527199298143386,0.6713988571378886,11,1.0657087564468384,0.4498140685085335,0.6612168550491333,False,not_selected,0.3115996515998471
894,3339,OCNT-2316516,0,CYP1A2,5.109112632,5.4877519607543945,0.1466185003529058,0.1960960477590561,0.1650558114051818,0.6981946822265237,11,1.12605082988739,0.4647988812724268,0.6415406465530396,False,not_selected,0.30760276575853096
1046,2181,OCNT-2313538,0,CYP1A2,3.861599535,4.730719089508057,0.1499748677025304,0.1904704272747039,0.163302332162857,0.7108821716453558,11,1.1727590560913086,0.4394353713501685,0.6701066493988037,False,not_selected,0.3036777935855758
1271,2120,OCNT-2313367,0,CYP1A2,4.348778185,4.878840446472168,0.150385245681809,0.183377131819725,0.1601892113685608,0.7245768513873693,11,1.1986223459243774,0.4582000816287006,0.6588097810745239,False,not_selected,0.3026480588071251
980,3757,OCNT-2317597,0,CYP1A2,3.797528263,4.767648220062256,0.1377677917490468,0.1107580140233039,0.1458296477794647,0.6709586957015828,11,1.0168014764785769,0.4733478365335636,0.6414735317230225,False,not_selected,0.3025221659959564
1071,621,OCNT-2309655,0,CYP1A2,2.492578865,4.556108951568604,0.1273511052141653,0.0972784906625747,0.128468632698059,0.6183560289340099,11,0.8662315607070923,0.4344095713859324,0.6765040755271912,False,not_selected,0.2954182310807069
705,215,OCNT-2308597,0,CYP1A2,5.081854505,5.123263359069824,0.1315423101196752,0.099013976752758,0.1398625969886779,0.6467769341140184,11,0.9358638525009156,0.4491683495687606,0.6499017477035522,False,not_selected,0.2947336900870165
560,2694,OCNT-2314859,0,CYP1A2,2.042327302,5.114503860473633,0.1243088692436681,0.1138851642608642,0.1244269162416458,0.6182384457411904,11,0.8453777432441711,0.4636304230807782,0.6420904994010925,False,not_selected,0.2942913759846772
751,2491,OCNT-2314335,0,CYP1A2,4.86428017,4.023504257202148,0.1255914866934286,0.2324069142341613,0.1332578212022781,0.6498638860901654,11,0.8977910876274109,0.4438494380946832,0.6725789904594421,False,not_selected,0.27903565865579333
456,2653,OCNT-2314741,0,CYP1A2,2.40076287,4.479629039764404,0.117363229394959,0.0726328715682029,0.1191661655902862,0.6092234490830852,11,0.7865047454833984,0.4434378152547829,0.6652369499206543,False,not_selected,0.2780696043201746
61,2532,OCNT-2314446,0,CYP1A2,3.850819357,3.625758171081543,0.1157649382958875,0.0929600074887275,0.1138403490185737,0.603019456878376,11,0.7678936123847961,0.4458897999560858,0.6530572772026062,False,not_selected,0.2775753610688705
1239,3090,OCNT-2315819,0,CYP1A2,3.366381088,4.655729293823242,0.1075804680595861,0.0793253257870674,0.1085053533315658,0.5844592839740926,11,0.6916404366493225,0.4446149987107821,0.6673502922058105,False,not_selected,0.26590792889876186
965,2116,OCNT-2313362,0,CYP1A2,5.041680803,4.001686096191406,0.0837697014222608,0.0914538651704788,0.0880129933357238,0.573980473300416,11,0.5289039015769958,0.4309500456390076,0.6855142712593079,False,not_selected,0.208840306681672
814,2656,OCNT-2314750,0,CYP1A2,5.44580044,3.51975154876709,0.058527685702847,0.036870427429676,0.0760539844632148,0.6054400913263097,11,0.3897850811481476,0.532462191614876,0.6020954251289368,False,not_selected,0.148142593771497
922,5,OCNT-0018684,1,CYP2C9,2.834837307,4.965088844299316,0.220037505031632,0.0350002013146877,0.1757557094097137,0.5135613376860523,11,1.243030309677124,0.4756295948560546,0.6044473052024841,False,not_selected,0.632239677281654
532,3573,OCNT-2317136,1,CYP2C9,4.44681635,4.439332962036133,0.2204581499109731,0.147156611084938,0.1836720705032348,0.5280053927899984,11,1.280434012413025,0.4913442193579204,0.6015744209289551,False,not_selected,0.6226811164613154
1208,1581,OCNT-2311950,1,CYP2C9,4.489078483,4.781869888305664,0.2556484043608175,0.2879743874073028,0.2453010082244873,0.6455506809689041,11,1.81537401676178,0.4982165963726632,0.6058611869812012,False,not_selected,0.5933177572900988
694,2867,OCNT-2315277,1,CYP2C9,4.0925307,4.908133506774902,0.2480205595503316,0.2455400973558426,0.242973506450653,0.6469775068657306,11,1.7651009559631348,0.5021822704201134,0.5937765836715698,False,not_selected,0.5758655954843035
652,1331,OCNT-2311312,1,CYP2C9,4.571280785,5.122173309326172,0.2097029685984121,0.373173326253891,0.1770988255739212,0.5456837928278164,11,1.25874662399292,0.4886983871996974,0.6103138327598572,False,not_selected,0.572097751933693
344,3036,OCNT-2315690,1,CYP2C9,4.64081704,4.819406509399414,0.2203235626230703,0.1924981772899627,0.2061326652765274,0.6030926369532635,11,1.4616307020187378,0.4921484518854031,0.6098027229309082,False,not_selected,0.5451160281821975
351,1041,OCNT-2310680,1,CYP2C9,5.100509677,4.764641284942627,0.1932931840429769,0.1562083214521408,0.1587032675743103,0.5270981736654288,11,1.1207293272018433,0.4484571811532261,0.6363186836242676,False,not_selected,0.5311665159984695
82,1861,OCNT-2312716,1,CYP2C9,5.036849637,4.899768829345703,0.1925414800653921,0.1085785999894142,0.1644754409790039,0.5381269064773592,11,1.1397292613983154,0.4836237099004477,0.6110584139823914,False,not_selected,0.5308396616595471
860,2559,OCNT-2314502,1,CYP2C9,5.665052405,5.048953533172607,0.2233449965725408,0.1608688235282898,0.2140852212905883,0.6427221716376401,11,1.5790365934371948,0.4865299976908721,0.6116300821304321,False,not_selected,0.5165669583068779
508,1266,OCNT-2311160,1,CYP2C9,5.208209313,5.013937473297119,0.2037818133841024,0.1274142116308212,0.1820127367973327,0.5902970171866088,11,1.3232097625732422,0.4607975665078143,0.6377414464950562,False,not_selected,0.5042952419255414
1005,602,OCNT-2309603,1,CYP2C9,5.2606706,5.087258815765381,0.2192676067362295,0.0825984105467796,0.2205315083265304,0.650888629132054,11,1.5699067115783691,0.4954994894981878,0.5995103120803833,False,not_selected,0.5037952412454765
124,2096,OCNT-2313278,1,CYP2C9,5.617345842,4.957237243652344,0.1775267273197637,0.2416794449090957,0.1539775431156158,0.5271169193092661,11,1.029350757598877,0.4819594445369639,0.6185840964317322,False,not_selected,0.4991063662953786
293,3667,OCNT-2317349,1,CYP2C9,4.66441265,4.550813674926758,0.1649127304563985,0.5206677317619324,0.1322463452816009,0.4937999476647474,11,0.8957728743553162,0.4653279805233484,0.6337082386016846,False,not_selected,0.4893707247744152
516,4042,OCNT-2318344,1,CYP2C9,3.991314042,5.108225345611572,0.1844688355932699,0.1498283147811889,0.1619419306516647,0.5593910527988647,11,1.1350923776626587,0.4752247517267669,0.6252574920654297,False,not_selected,0.4864807737410413
1126,655,OCNT-2309742,1,CYP2C9,4.870802473,4.601311206817627,0.1873946189890371,0.2325590699911117,0.1665968000888824,0.5660104974700709,11,1.1667405366897583,0.4686040955066221,0.6402055621147156,False,not_selected,0.4862250897347627
273,2131,OCNT-2313393,1,CYP2C9,3.914628015,4.661418914794922,0.1921930462131963,0.1474746912717819,0.1795130670070648,0.593343896372032,11,1.2544022798538208,0.4789711089295477,0.6280528903007507,False,not_selected,0.479061071369398
200,915,OCNT-2310404,1,CYP2C9,5.617653735,4.649393558502197,0.1744413375864492,0.2129757404327392,0.1516865789890289,0.5508704365878182,11,1.0570403337478638,0.4758416037816768,0.6239578127861023,False,not_selected,0.46734724960751184
1285,2416,OCNT-2314151,1,CYP2C9,5.409001743,4.93426513671875,0.1883710622797475,0.1639401465654373,0.1721024513244629,0.600414765233956,11,1.2441084384918213,0.4794410434613435,0.6205635666847229,False,not_selected,0.464152277848264
221,345,OCNT-2308941,1,CYP2C9,5.55875766,4.920600891113281,0.2181754410276876,0.0801900848746299,0.2313293665647506,0.7031207656534398,11,1.6874405145645142,0.4745167636466587,0.6330482363700867,False,not_selected,0.45753640189015876
663,1977,OCNT-2313003,1,CYP2C9,4.640909807,4.723341941833496,0.1345331221828924,0.3220367133617401,0.1045791581273078,0.4386580213848922,11,0.6491543650627136,0.4833356322421801,0.6256774663925171,False,not_selected,0.45492790310923553
113,885,OCNT-2310337,1,CYP2C9,5.822423482,4.5711870193481445,0.1846050322065816,0.1601331382989883,0.1714053899049759,0.6038833219627961,11,1.2262789011001587,0.467975850944707,0.6257630586624146,False,not_selected,0.4487551144173295
692,786,OCNT-2310093,1,CYP2C9,5.398325397,4.861063003540039,0.1964424848566518,0.1614031940698623,0.1934579759836197,0.6458829804822377,11,1.3956674337387085,0.475251263927289,0.6307757496833801,False,not_selected,0.448691222452428
1137,3295,OCNT-2316360,1,CYP2C9,3.86617964,4.021249771118164,0.1468310952196584,0.5436345934867859,0.1138981953263282,0.4791293040189717,11,0.7738618850708008,0.4459436721778541,0.6706805229187012,False,not_selected,0.4431152326333235
132,4129,OCNT-2318572,1,CYP2C9,5.107121982,4.695401668548584,0.1883591115484701,0.1606440991163253,0.1807027906179428,0.6237202295551532,11,1.292317271232605,0.4648102630305163,0.6304975748062134,False,not_selected,0.4423623712321987
620,758,OCNT-2310023,1,CYP2C9,4.532056638,4.363476753234863,0.1689130365858541,0.0354841873049736,0.1551489681005478,0.5644127104316444,11,1.0487033128738403,0.4592777746327421,0.6349429488182068,False,not_selected,0.4367212778517263
449,1702,OCNT-2312280,1,CYP2C9,6.150488705,4.85111665725708,0.1691104918728338,0.1879393458366394,0.1533789336681366,0.5724208097561234,11,1.0648260116577148,0.4633075149048676,0.6364580392837524,False,not_selected,0.43230548119346923
840,1109,OCNT-2310830,1,CYP2C9,4.221872663,4.078205108642578,0.1669823825369344,0.1324830949306488,0.1444443464279174,0.5668908901979707,11,1.0412687063217163,0.4449948358313572,0.6547636389732361,False,not_selected,0.4256351347548082
408,235,OCNT-2308645,1,CYP2C9,4.499618185,4.50690507888794,0.1763750165710912,0.1202519387006759,0.1664958596229553,0.6047042987353718,11,1.1732020378112793,0.4587382213895155,0.653403639793396,False,not_selected,0.4254723813085574
1270,843,OCNT-2310235,1,CYP2C9,4.83479045,5.129234790802002,0.1957379877577291,0.1242909282445907,0.1955617815256118,0.6697636223827843,11,1.442080020904541,0.4533198360907091,0.6478376388549805,False,not_selected,0.42473178712325976
708,1135,OCNT-2310880,1,CYP2C9,5.02258072,4.945267677307129,0.184739351273583,0.1698204427957534,0.1814949214458465,0.6389990922580667,11,1.2985310554504397,0.4677493632296652,0.6353779435157776,False,not_selected,0.42433716804992827
1170,1221,OCNT-2311060,1,CYP2C9,4.381499563,4.193935394287109,0.1794377267370687,0.1219888553023338,0.1684572100639343,0.6171695494774282,11,1.2181785106658936,0.455671716308246,0.6474587917327881,False,not_selected,0.4232263627895527
493,496,OCNT-2309346,1,CYP2C9,4.699023575,4.498871803283691,0.1443416327248083,0.1706481426954269,0.1209937632083892,0.499085292426308,11,0.7924266457557678,0.4577178745224284,0.6460049152374268,False,not_selected,0.42159001928868167
906,2730,OCNT-2314962,1,CYP2C9,4.445633612,4.073273658752441,0.1389628052721487,0.3572711646556854,0.1111011952161789,0.4885406986973286,11,0.7467788457870483,0.4795106158180754,0.6398102045059204,False,not_selected,0.42083893143850426
1196,294,OCNT-2308814,1,CYP2C9,4.01858695,5.151925086975098,0.1961110830317007,0.2633141875267029,0.1956798136234283,0.6785872903217756,11,1.4638633728027344,0.4557676087286322,0.6500890851020813,False,not_selected,0.42071545763090434
586,1425,OCNT-2311602,1,CYP2C9,4.590927075,4.729677200317383,0.1889583766470418,0.0354740172624588,0.1929128468036651,0.6772949090095158,11,1.4077860116958618,0.4608507548298225,0.6388238668441772,False,not_selected,0.4075624716564503
238,3158,OCNT-2315980,1,CYP2C9,4.476754965,4.607677936553955,0.1807082891474233,0.1630472093820572,0.1843806207180023,0.6652378640040763,11,1.3223539590835571,0.45290896416334,0.6445903182029724,False,not_selected,0.3946749086418558
1279,651,OCNT-2309730,1,CYP2C9,4.652421682,4.941233158111572,0.1759757697592245,0.2004278004169464,0.1713631153106689,0.6468238905299204,11,1.252078652381897,0.4435608135853305,0.6506152749061584,False,not_selected,0.3927370789548474
1026,1838,OCNT-2312626,1,CYP2C9,5.376112565,4.901037216186523,0.172624185682343,0.1388027071952819,0.1654277443885803,0.6397200399238417,11,1.214742660522461,0.4525353399160273,0.6579858660697937,False,not_selected,0.39195697270587343
1127,2123,OCNT-2313373,1,CYP2C9,4.388285253,4.930497169494629,0.1625691354284749,0.2320408374071121,0.1533392071723938,0.6077084277499416,11,1.0867409706115725,0.4575511951178387,0.6477373838424683,False,not_selected,0.3899120479707222
837,3591,OCNT-2317181,1,CYP2C9,6.264391032,4.085331916809082,0.148449644447373,0.1609772890806198,0.1338167041540146,0.5616741690624002,11,0.9171836376190186,0.4668877959859511,0.6482869386672974,False,not_selected,0.38769625479093867
676,256,OCNT-2308698,1,CYP2C9,4.974725937,5.157650470733643,0.1689035892496572,0.242787703871727,0.1595427244901657,0.633967631245566,11,1.1778734922409058,0.4536571041461595,0.660883367061615,False,not_selected,0.3872877578089541
1,1615,OCNT-2312033,1,CYP2C9,3.296598073,4.319753170013428,0.1553165167580114,0.1298869997262954,0.1455858647823333,0.5877384500221312,11,1.0041403770446775,0.4614654114187049,0.6506626009941101,False,not_selected,0.3862087243999776
99,447,OCNT-2309221,1,CYP2C9,3.91618854,4.014096260070801,0.1646205335865484,0.1740410029888153,0.1526213586330413,0.6204395439034359,11,1.1235079765319824,0.4440636102395858,0.66544109582901,False,not_selected,0.3831517903500309
561,2694,OCNT-2314859,1,CYP2C9,4.975407442,5.082920551300049,0.1396723091612325,0.2201868593692779,0.1194467768073082,0.5391311735724325,11,0.8283186554908752,0.4593891978926698,0.637795090675354,False,not_selected,0.3780828659636811
826,3650,OCNT-2317321,1,CYP2C9,5.929771308,5.190866470336914,0.1465877294550405,0.1352643221616745,0.131209909915924,0.5642568272506592,11,0.9098443984985352,0.4551762289166524,0.6463644504547119,False,not_selected,0.378038809726411
396,618,OCNT-2309641,1,CYP2C9,5.283653068,4.968589782714844,0.1757562458525167,0.1955540627241134,0.1809176206588745,0.6791434827851446,11,1.3130007982254028,0.4542704621316665,0.6504994630813599,False,not_selected,0.37635216026850626
356,2029,OCNT-2313118,1,CYP2C9,4.345180737,4.530566215515137,0.1715409457693563,0.2436996102333068,0.1754818856716156,0.6713743570276816,11,1.2668501138687134,0.4586763015889398,0.6460850834846497,False,not_selected,0.37270221855613195
1146,838,OCNT-2310216,1,CYP2C9,3.496522623,4.552532196044922,0.171769768000649,0.0774987414479255,0.1661837100982666,0.663546425156275,11,1.2537493705749512,0.4357482416804895,0.6717718839645386,False,not_selected,0.3716667485967017
30,2061,OCNT-2313193,1,CYP2C9,4.028416113,4.375998020172119,0.1728950291882024,0.1342299133539199,0.1716392636299133,0.6744328924196734,11,1.28266704082489,0.4403650306233834,0.668170154094696,False,not_selected,0.3692464540361311
778,3830,OCNT-2317807,1,CYP2C9,5.019831007,5.015427589416504,0.1761172860870824,0.366012305021286,0.1694714128971099,0.6866729983613025,11,1.330284833908081,0.4335759550179233,0.668923020362854,False,not_selected,0.36768229885254566
949,3210,OCNT-2316133,1,CYP2C9,5.170290357,3.908500671386719,0.1201386004696355,0.1626140177249908,0.1026567220687866,0.4873346941973606,11,0.6440247893333435,0.4723709468607592,0.6395971179008484,False,not_selected,0.36297145890534
360,2420,OCNT-2314168,1,CYP2C9,4.22897121,4.5754594802856445,0.1577728390703664,0.1307680904865265,0.1546523720026016,0.6363748669585046,11,1.1044293642044067,0.4556234241173295,0.6518702507019043,False,not_selected,0.36088452288813305
189,3529,OCNT-2317021,1,CYP2C9,5.760211485,3.91616153717041,0.1538385301838384,0.0371031910181045,0.1510041654109954,0.634871049221392,11,1.0743439197540283,0.4541259846124116,0.6495182514190674,False,not_selected,0.35235596968746224
753,220,OCNT-2308604,1,CYP2C9,4.211255327,4.116053581237793,0.1498861610899435,0.1651382446289062,0.1440243422985077,0.6271784352136848,11,1.0340590476989746,0.4235216974200495,0.6817852854728699,False,not_selected,0.34020015752269245
627,2943,OCNT-2315467,1,CYP2C9,4.137838903,4.823389053344727,0.147772341967629,0.2824078202247619,0.1441895812749862,0.6343839172818216,11,1.0311883687973022,0.4560724506645154,0.6569661498069763,False,not_selected,0.3391751118647188
868,3234,OCNT-2316195,1,CYP2C9,4.145326198,4.21912956237793,0.134018525482224,0.1870056390762329,0.1187654733657836,0.5844270569210601,11,0.861564576625824,0.4340594170601011,0.6725536584854126,False,not_selected,0.3288528931921988
478,3558,OCNT-2317103,1,CYP2C9,4.51746869,4.768999099731445,0.1350022703419195,0.0740505307912826,0.1323348134756088,0.5946526160698014,11,0.8830739855766296,0.447244141833799,0.6554233431816101,False,not_selected,0.32856366827733186
271,1000,OCNT-2310597,1,CYP2C9,4.426072795,4.620556831359863,0.1458406746397481,0.2728007137775421,0.1365536004304886,0.6464433116512713,11,1.0370550155639648,0.435814870849747,0.6819844245910645,False,not_selected,0.32392663927115145
69,4332,OCNT-2328849,1,CYP2C9,2.110043877,1.6002933979034424,0.1299412101517187,0.0409475527703762,0.1213016808032989,0.6064665875218079,11,0.8668550252914429,0.4942521322500341,0.621605396270752,False,not_selected,0.32015767122434174
376,1242,OCNT-2311102,1,CYP2C9,2.22774604,4.334473133087158,0.1354850232611165,0.1427067518234253,0.1291492879390716,0.6377470929073812,11,0.950456976890564,0.4426050925583413,0.6769322156906128,False,not_selected,0.3064716196993422
5,362,OCNT-2308975,1,CYP2C9,3.614555483,3.885768413543701,0.1303513199100957,0.0830975100398063,0.1253316402435302,0.6226531999905198,11,0.8928003311157227,0.4481136054996938,0.6546295881271362,False,not_selected,0.3031599610497893
545,1740,OCNT-2312377,1,CYP2C9,4.105874055,3.889128684997559,0.1059115901599393,0.4242701828479767,0.0940169915556907,0.5190232080567106,11,0.6046763062477112,0.4525809072568192,0.6640358567237854,False,not_selected,0.2964128604182325
550,1339,OCNT-2311335,1,CYP2C9,4.13930824,4.114849090576172,0.1437152326117025,0.2079531252384185,0.1492274552583694,0.7038508523813793,11,1.1126949787139893,0.4381757264118758,0.6805822253227234,False,not_selected,0.2936527793615483
603,3389,OCNT-2316656,1,CYP2C9,2.869953317,4.098995208740234,0.108708307148026,0.1023620516061782,0.1086059138178825,0.6187019195545798,11,0.7398384213447571,0.4460798501905904,0.6817591786384583,False,not_selected,0.25408179213063264
797,108,OCNT-0495493,2,CYP2D6,4.522101552,4.242159843444824,0.2246433794508443,0.1677326411008834,0.1758698970079422,0.6146954437043389,11,1.518959879875183,0.5224544660729763,0.5825536251068115,False,not_selected,0.5563882404229542
379,31,OCNT-0022266,2,CYP2D6,5.54198825,5.5659284591674805,0.2018717378387914,0.1931201368570327,0.1489715725183487,0.5664254524592002,11,1.257798194885254,0.4779522286176436,0.6282593011856079,False,not_selected,0.5267361901524882
688,4235,OCNT-2328509,2,CYP2D6,5.790099298,4.727262496948242,0.2166034132252202,0.1341516226530075,0.1613756418228149,0.6157915334726465,11,1.4672080278396606,0.4796649823397548,0.6365365982055664,False,not_selected,0.5204691331126635
224,3070,OCNT-2315764,2,CYP2D6,5.277414505,4.718812942504883,0.1803309917459951,0.194033145904541,0.1319047659635543,0.5358880109602289,11,1.0630093812942505,0.4824003569964266,0.6224610805511475,False,not_selected,0.49884065527568267
918,78,OCNT-0493940,2,CYP2D6,5.2824111,4.362573623657227,0.194693922997521,0.2035226076841354,0.1496624946594238,0.5985017467786827,11,1.281771183013916,0.4604873430601156,0.6495611667633057,False,not_selected,0.4750997166491946
499,2570,OCNT-2314528,2,CYP2D6,5.25034773,5.013609886169434,0.1905410289774404,0.0843230038881301,0.1522340029478073,0.6080875143875638,11,1.274521827697754,0.4930932788863518,0.6147910356521606,False,not_selected,0.46785293726156496
138,1236,OCNT-2311092,2,CYP2D6,5.274863845,4.56162166595459,0.1814558357010351,0.2509522140026092,0.1458265483379364,0.5991824203047741,11,1.1959766149520874,0.5307295953944213,0.5792096853256226,False,not_selected,0.46356469841575043
335,1555,OCNT-2311890,2,CYP2D6,4.134224525,4.349977016448975,0.1831613481054769,0.3106257617473602,0.142293244600296,0.5839565562232594,11,1.1765409708023071,0.4682296597161757,0.6400055885314941,False,not_selected,0.46051871656569815
526,4242,OCNT-2328534,2,CYP2D6,4.66182121,5.688931465148926,0.1999532729397283,0.102129690349102,0.1566254198551178,0.6398194879627948,11,1.4072740077972412,0.4733900703668806,0.6317000389099121,False,not_selected,0.46045669509817394
1052,2675,OCNT-2314801,2,CYP2D6,6.964228025,4.597561836242676,0.1870904862890706,0.1298763006925583,0.1543424129486084,0.626316885852254,11,1.2889572381973269,0.5284411431846913,0.5824825763702393,False,not_selected,0.45656887623831854
810,30,OCNT-0022254,2,CYP2D6,5.638113973,5.243895530700684,0.175533264876412,0.1610679626464843,0.1440364718437194,0.5882023165307483,11,1.135739803314209,0.4855921789829461,0.6184406280517578,False,not_selected,0.4433352914857276
348,3044,OCNT-2315705,2,CYP2D6,4.275172858,4.490843772888184,0.1825819015512929,0.2405537813901901,0.1495802104473114,0.6275419511529907,11,1.260355830192566,0.5126213996619434,0.6036436557769775,False,not_selected,0.4400937514536387
201,915,OCNT-2310404,2,CYP2D6,2.27170838,4.742656230926514,0.1679865568886266,0.2164501249790191,0.1297941207885742,0.5647323688447138,11,1.0435419082641602,0.4700407512369901,0.6381353139877319,False,not_selected,0.43728161853278824
716,4213,OCNT-2328420,2,CYP2D6,5.669635833,4.836410999298096,0.1934759318838582,0.2754490971565246,0.1545436829328537,0.6614812903586021,11,1.407787799835205,0.4940567875027504,0.6204147338867188,False,not_selected,0.436995019304009
177,3390,OCNT-2316657,2,CYP2D6,4.840807162,4.300463676452637,0.1571632027636037,0.1017881333827972,0.1216717362403869,0.5346963393859618,11,0.9243804812431335,0.4803109760486848,0.6326589584350586,False,not_selected,0.43510754973392973
808,4317,OCNT-2328803,2,CYP2D6,5.129553383,4.887543678283691,0.1652073562155233,0.2044065147638321,0.1333558559417724,0.5699348856741113,11,1.0357317924499512,0.4854713033952932,0.6267288327217102,False,not_selected,0.4305944291823711
475,3143,OCNT-2315946,2,CYP2D6,4.304557198,4.910574913024902,0.1803067773590551,0.0418513305485248,0.1423634141683578,0.6185121783207133,11,1.2267413139343262,0.4707162557580129,0.6358761787414551,False,not_selected,0.4287387019691001
195,3336,OCNT-2316507,2,CYP2D6,4.490284045,4.909189224243164,0.1670540869245992,0.1026638522744178,0.1306094825267791,0.575711932578194,11,1.0579253435134888,0.4758364543792593,0.6365033984184265,False,not_selected,0.4282428370596245
465,370,OCNT-2309003,2,CYP2D6,2.220852298,4.882467746734619,0.1851051300774084,0.0654131919145584,0.153593510389328,0.6440189881497035,11,1.3113234043121338,0.4828333918443112,0.6259612441062927,False,not_selected,0.4261987191853766
1209,4278,OCNT-2328671,2,CYP2D6,4.551545305,4.824649810791016,0.1722334027300344,0.0825105905532836,0.1448429822921753,0.5940258356844919,11,1.1254220008850098,0.4567571848091666,0.6509408354759216,False,not_selected,0.4223759840377909
658,2784,OCNT-2315097,2,CYP2D6,5.157569278,5.348946571350098,0.1752421557913289,0.1140522882342338,0.1368822157382965,0.60943141209306,11,1.1747788190841677,0.4667577112647902,0.6419905424118042,False,not_selected,0.4217665486962917
570,1140,OCNT-2310890,2,CYP2D6,6.908166937,4.389698505401611,0.1745497584352956,0.2190013229846954,0.146090030670166,0.6339182608846612,11,1.2171530723571775,0.5285259333187955,0.5810766220092773,False,not_selected,0.4208804965651942
909,3739,OCNT-2317521,2,CYP2D6,4.63078723,4.550924777984619,0.1527354717264638,0.0766860619187355,0.1213925406336784,0.5474442758378218,11,0.919755756855011,0.4901188846225711,0.6286844611167908,False,not_selected,0.4157391369615202
772,1067,OCNT-2310736,2,CYP2D6,5.614492347,4.23492431640625,0.1753473728905187,0.1937796026468277,0.1461035013198852,0.646477735221634,11,1.2469398975372314,0.5246441438093037,0.5876407623291016,False,not_selected,0.4135368175026504
1033,3812,OCNT-2317740,2,CYP2D6,5.572677387,5.215692043304443,0.1748040169487462,0.0724470764398574,0.1427868902683258,0.6333342707656077,11,1.217803120613098,0.4896395206044959,0.6204487085342407,False,not_selected,0.41114934723568863
41,2347,OCNT-2313994,2,CYP2D6,4.80404251,5.151394844055176,0.1587752699861989,0.0425386354327201,0.130991518497467,0.5794957094347004,11,1.0121054649353027,0.4927857013514282,0.6229982376098633,False,not_selected,0.40900639798493316
1187,1864,OCNT-2312721,2,CYP2D6,4.7666282,4.791501045227051,0.1640800088654027,0.0802605524659156,0.1318809688091278,0.5912894837924066,11,1.067206621170044,0.4713768018192539,0.6369775533676147,False,not_selected,0.4083000379753269
143,2136,OCNT-2313402,2,CYP2D6,3.606227758,4.3584513664245605,0.1649420261393056,0.1777037233114242,0.1373959183692932,0.5979735576381278,11,1.0849406719207764,0.4799992857098996,0.6386189460754395,False,not_selected,0.4082355778973173
712,1830,OCNT-2312606,2,CYP2D6,4.56985311,4.481371879577637,0.1806084513674245,0.0409879833459854,0.149264246225357,0.6508137411369833,11,1.2929670810699463,0.4672862952395666,0.6342778205871582,False,not_selected,0.407189167568737
366,636,OCNT-2309692,2,CYP2D6,3.26384948,4.006020545959473,0.1793257594118581,0.0846780687570571,0.1511856764554977,0.6686811631284773,11,1.3190293312072754,0.5115427876256115,0.6026800870895386,False,not_selected,0.40536293411692803
1083,2735,OCNT-2314976,2,CYP2D6,4.9048933,4.384502410888672,0.1642976999292837,0.0814730077981948,0.1331963539123535,0.6038426520846163,11,1.0913095474243164,0.4890326623539385,0.6185088157653809,False,not_selected,0.40514634184875004
391,2010,OCNT-2313093,2,CYP2D6,4.488723545,4.836450576782227,0.1640393882999883,0.0419135093688964,0.1295430660247802,0.6008776674923024,11,1.084243655204773,0.4749918039134021,0.6423270106315613,False,not_selected,0.4026722348847328
1061,89,OCNT-0494161,2,CYP2D6,4.907063575,5.33896541595459,0.1604039669046865,0.1610855907201767,0.1305660754442215,0.579276946378745,11,1.0221015214920044,0.4537145759110658,0.6475505828857422,False,not_selected,0.40253903798691704
1065,1089,OCNT-2310796,2,CYP2D6,2.043040692,5.286627769470215,0.1579177230606542,0.1626797169446945,0.1256274133920669,0.5816778972377868,11,1.0104297399520874,0.4777365019108108,0.6361463665962219,False,not_selected,0.4011855784335823
1098,2971,OCNT-2315525,2,CYP2D6,4.186298222,4.775361061096191,0.1634795814762578,0.2739337086677551,0.1308734565973281,0.6028380177161804,11,1.084068775177002,0.4685142144173293,0.6445074081420898,False,not_selected,0.3982364783070264
1154,2802,OCNT-2315127,2,CYP2D6,4.995725925,4.532886981964111,0.158875361085938,0.1708027720451355,0.1330373287200927,0.599316131936505,11,1.0473822355270386,0.4903375383935046,0.6144348382949829,False,not_selected,0.3950801620959565
994,152,OCNT-1911794,2,CYP2D6,7.46628706,5.900315284729004,0.1593089699755178,0.113693356513977,0.1299488246440887,0.5933138054577797,11,1.0397223234176636,0.4570289926399395,0.64173424243927,False,not_selected,0.3912226311047007
1069,3031,OCNT-2315670,2,CYP2D6,5.051544527,4.445765495300293,0.151989459992455,0.1204441785812377,0.1213351041078567,0.5691965221516988,11,0.9516305923461914,0.461629433153893,0.6511056423187256,False,not_selected,0.39029097966788284
926,3312,OCNT-2316424,2,CYP2D6,6.138897052,4.779735565185547,0.1689104437838064,0.0745843425393104,0.1436765491962433,0.6457753525305798,11,1.1998602151870728,0.484628353273535,0.620559573173523,False,not_selected,0.38832270854372636
1009,233,OCNT-2308640,2,CYP2D6,5.671216787,4.685821056365967,0.1677233725796209,0.1882577389478683,0.1380520164966583,0.6360337597855781,11,1.173454999923706,0.4724441657871351,0.6348651647567749,False,not_selected,0.38828646690745133
118,493,OCNT-2309342,2,CYP2D6,4.887505255,4.819188117980957,0.1642917394648061,0.0970586016774177,0.136302649974823,0.6169979635141661,11,1.115044355392456,0.4577934850825429,0.6475346088409424,False,not_selected,0.3881753937736845
1172,4329,OCNT-2328839,2,CYP2D6,4.372751283,5.283973693847656,0.1679254472265706,0.0417455732822418,0.1386205852031707,0.6349446709279192,11,1.1728570461273191,0.4563086295347525,0.6422148942947388,False,not_selected,0.3851536820635819
1225,1020,OCNT-2310634,2,CYP2D6,4.655220685,4.886460304260254,0.1678284704695211,0.2378362417221069,0.1406384706497192,0.640788073611582,11,1.1829673051834106,0.4652809580480965,0.6473578214645386,False,not_selected,0.3837709722206692
77,326,OCNT-2308879,2,CYP2D6,4.738641598,4.881045818328857,0.157051146031426,0.0926190763711929,0.1326260268688202,0.6104301208523477,11,1.0545562505722046,0.481111326873993,0.6319085955619812,False,not_selected,0.3810595567612086
1282,3654,OCNT-2317327,2,CYP2D6,5.25381474,4.857141494750977,0.1629175245771871,0.0436010509729385,0.1367104947566986,0.6276012259852369,11,1.1247196197509766,0.4543788568846017,0.6553825736045837,False,not_selected,0.377538783148604
1000,677,OCNT-2309801,2,CYP2D6,4.673633565,4.824194431304932,0.1627302467833028,0.1829418689012527,0.1346887648105621,0.6323949219659657,11,1.1320075988769531,0.4653905190583829,0.650955319404602,False,not_selected,0.37707981597789697
503,3800,OCNT-2317700,2,CYP2D6,4.27219851,5.062610626220703,0.1541335880766378,0.1369639784097671,0.1312632262706756,0.6105007838258131,11,1.0350854396820068,0.4815901198559228,0.6334440112113953,False,not_selected,0.3740581622208781
1213,3521,OCNT-2316987,2,CYP2D6,4.41372459,4.688632965087891,0.1704913377771841,0.0966837927699089,0.1446742117404937,0.6666028902130523,11,1.250150203704834,0.4583632790564176,0.6403931379318237,False,not_selected,0.37299314188689225
1195,1035,OCNT-2310665,2,CYP2D6,5.35394303,4.639834403991699,0.1605399847040639,0.1423891335725784,0.1365235149860382,0.6275915318515206,11,1.1082888841629028,0.4566327352070505,0.6546750068664551,False,not_selected,0.3726114600999807
588,701,OCNT-2309866,2,CYP2D6,6.220280083,5.472042083740234,0.1638379842052923,0.0699163451790809,0.1390690058469772,0.6539950612628974,11,1.1786415576934814,0.4697900314351647,0.6329442262649536,False,not_selected,0.36820986918518817
87,1752,OCNT-2312401,2,CYP2D6,4.76647041,5.308119297027588,0.1656745076189504,0.0445222035050392,0.1470524668693542,0.6635853384964321,11,1.209330916404724,0.4732448753575041,0.6352207064628601,False,not_selected,0.3678187343319502
136,2350,OCNT-2313997,2,CYP2D6,4.617108802,4.910125732421875,0.1620972454557882,0.071521908044815,0.1386418789625167,0.6568520741536286,11,1.1712130308151243,0.4870990103529385,0.6256328225135803,False,not_selected,0.36698468769980724
907,2730,OCNT-2314962,2,CYP2D6,4.428092525,4.302548408508301,0.1515043377886281,0.2360813319683075,0.128191739320755,0.6139312220317781,11,1.0231456756591797,0.4669430292891673,0.6538466215133667,False,not_selected,0.36200835574150914
173,1253,OCNT-2311133,2,CYP2D6,4.73258698,5.048769950866699,0.1602856963882909,0.0425247848033905,0.1348549127578735,0.6406117463616164,11,1.1294898986816406,0.446826880347866,0.6528192758560181,False,not_selected,0.3620065591787457
371,3895,OCNT-2317957,2,CYP2D6,4.644202297,4.477991104125977,0.1528085172186361,0.1684925258159637,0.1266158670186996,0.6138147589220444,11,1.031757354736328,0.4510445365229267,0.664781928062439,False,not_selected,0.36123596055863466
1185,1954,OCNT-2312947,2,CYP2D6,5.399259727,4.629422664642334,0.1553220152864919,0.1740528047084808,0.1349703073501587,0.6551718303458925,11,1.1193886995315552,0.4864754133534401,0.6320439577102661,False,not_selected,0.352399700631184
1145,3448,OCNT-2316781,2,CYP2D6,6.370402795,4.977506160736084,0.1608429849157796,0.0741412118077278,0.1399665176868438,0.6745976906800302,11,1.1935473680496216,0.4698329115470369,0.6392443776130676,False,not_selected,0.35044933608112466
439,2819,OCNT-2315159,2,CYP2D6,4.270086723,4.764348030090332,0.1452853977690206,0.1047932505607605,0.1292863637208938,0.626879137818808,11,1.0018402338027954,0.4695248409056065,0.6402525901794434,False,not_selected,0.34057681642635484
955,954,OCNT-2310481,2,CYP2D6,4.891956715,4.3988847732543945,0.1487597376118169,0.041183091700077,0.1285817474126815,0.6472682593522262,11,1.0591620206832886,0.4817621414716049,0.6250216364860535,False,not_selected,0.3405489828730959
749,2687,OCNT-2314827,2,CYP2D6,4.65184998,4.543118476867676,0.1573379188786016,0.1373132169246673,0.139539897441864,0.6879672500342517,11,1.1906766891479492,0.4718825846566462,0.6469017863273621,False,not_selected,0.33661913803600974
1093,4201,OCNT-2328381,2,CYP2D6,4.892280237,4.2447052001953125,0.1560988277206884,0.0841194614768028,0.1491977572441101,0.6837247350975608,11,1.174014925956726,0.4716075346841816,0.6403203010559082,False,not_selected,0.335977622626677
108,799,OCNT-2310120,2,CYP2D6,2.51847933,4.720929145812988,0.1581409573564992,0.1633119285106659,0.1373449862003326,0.6977335987862019,11,1.2137428522109983,0.4670561535650012,0.6558501124382019,False,not_selected,0.33250751436380527
418,2449,OCNT-2314235,2,CYP2D6,4.327968535,4.53059196472168,0.1534859538088308,0.2388163208961486,0.1385335922241211,0.6971865198021021,11,1.1770917177200315,0.4909492114864788,0.6267602443695068,False,not_selected,0.32823319915950616
181,3754,OCNT-2317592,2,CYP2D6,2.267230695,4.278605937957764,0.1418282985697256,0.1126862540841102,0.1322808861732483,0.6787049017909061,11,1.0588551759719849,0.4651855143949399,0.656285285949707,False,not_selected,0.30617838186714985
859,124,OCNT-0497983,3,CYP3A4,3.80082054,4.289214611053467,0.1520282477150426,0.2296977043151855,0.1251396387815475,0.5251177941986953,11,0.8781601190567017,0.531844287509844,0.5891668796539307,False,not_selected,0.4434883094331031
27,4544,OCNT-2395438,3,CYP3A4,3.095404022,4.14212703704834,0.1384206712255941,0.0942480638623237,0.1099541038274765,0.493296682573441,11,0.7511070370674133,0.4855960969627111,0.6337655186653137,False,not_selected,0.41686314985725936
1203,4720,OCNT-2395615,3,CYP3A4,5.30099028,4.043303489685059,0.1512302011261449,0.5036733150482178,0.1162567883729934,0.5511131865499248,11,0.9167945384979248,0.4988700135514838,0.6130690574645996,False,not_selected,0.41130283060429773
953,4811,OCNT-2395706,3,CYP3A4,3.54631486,4.235145568847656,0.1489483565102086,0.3411183953285217,0.1204211264848709,0.5573009378804138,11,0.9130996465682985,0.4934176126372043,0.6304503679275513,False,not_selected,0.39914179910000935
546,4889,OCNT-2395784,3,CYP3A4,5.151652217,4.538991928100586,0.1510898470888601,0.1931227743625641,0.1182852163910865,0.559259680717242,11,0.9294830560684204,0.4588016614898524,0.6482255458831787,False,not_selected,0.39411051353604515
389,3973,OCNT-2318155,3,CYP3A4,2.77773337,4.460245132446289,0.1432199478159414,0.1643926352262497,0.1168246492743492,0.5355938326067728,11,0.8437849283218384,0.4576907845676886,0.6464606523513794,False,not_selected,0.38979238629665103
856,3916,OCNT-2318000,3,CYP3A4,4.070875052,3.960684299468994,0.1424524486074911,0.3530838191509247,0.1138892099261283,0.5526254283010991,11,0.8659512996673584,0.4963123507177318,0.6219034194946289,False,not_selected,0.38571036967418526
210,3084,OCNT-2315808,3,CYP3A4,2.151907,3.341944694519043,0.1386648416529165,0.1796196550130844,0.1093538105487823,0.5398589945996117,11,0.8234540820121765,0.4767396709840004,0.6356794834136963,False,not_selected,0.37930621641572576
1164,3720,OCNT-2317470,3,CYP3A4,3.972794433,4.23044490814209,0.1599066853533254,0.5684786438941956,0.1313380450010299,0.6102986650994079,11,1.0734992027282717,0.4453891006840024,0.6688823699951172,False,not_selected,0.3787119214795526
1287,2776,OCNT-2315082,3,CYP3A4,3.643544107,4.086642265319824,0.1577222645292745,0.5607581734657288,0.1272365748882293,0.6194810895296987,11,1.0747655630111694,0.4831532379228678,0.6383737325668335,False,not_selected,0.37761651046800165
440,2938,OCNT-2315458,3,CYP3A4,4.661217348,4.167635440826416,0.143342524767922,0.1725906878709793,0.1209049373865127,0.5697276798671198,11,0.8983282446861267,0.4997801578323799,0.6149685382843018,False,not_selected,0.3773421619091198
668,4702,OCNT-2395597,3,CYP3A4,5.809395215,5.336774349212647,0.1594271659861074,0.55859375,0.1319520175457,0.6294437557685478,11,1.103854775428772,0.4800964458305287,0.6349828243255615,False,not_selected,0.3748827112547268
161,4671,OCNT-2395566,3,CYP3A4,4.440221917,3.792029857635498,0.1546084284792409,0.1629517376422882,0.1221527308225631,0.6060401384478797,11,1.0306880474090576,0.4688129983315167,0.6393007636070251,False,not_selected,0.37471258914222527
447,2099,OCNT-2313287,3,CYP3A4,4.85689231,3.1232404708862305,0.1383273303518758,0.1154488623142242,0.1109364926815033,0.5481856012454308,11,0.8341195583343506,0.4838276665446118,0.6447222232818604,False,not_selected,0.3744241354553096
83,1861,OCNT-2312716,3,CYP3A4,4.614776755,4.711948394775391,0.1556942909965978,0.3204887509346008,0.1221816465258598,0.6396121598898402,11,1.0954235792160034,0.5281085582974407,0.6016280055046082,False,not_selected,0.37197194404641964
89,539,OCNT-2309459,3,CYP3A4,4.3840829,3.8867220878601074,0.1363764703283773,0.098064050078392,0.1113772392272949,0.5486501265392634,11,0.8230526447296143,0.4950064286743087,0.6227180361747742,False,not_selected,0.3716096834732882
473,2760,OCNT-2315042,3,CYP3A4,4.288542807,4.155823707580566,0.1407937258491979,0.0808815658092498,0.1143597215414047,0.5694437323132006,11,0.8819151520729065,0.4874599266946898,0.6256177425384521,False,not_selected,0.3677712357637014
640,390,OCNT-2309062,3,CYP3A4,6.650677757,5.057548999786377,0.1444692462692724,0.3220811188220978,0.1130346581339836,0.5750327503809317,11,0.9138200283050536,0.460810915317473,0.6545214056968689,False,not_selected,0.3670090994609191
599,4624,OCNT-2395519,3,CYP3A4,4.769233823,4.604223251342773,0.147451251746224,0.5569909811019897,0.119387999176979,0.5847253291712392,11,0.948403298854828,0.451812727936138,0.6772063374519348,False,not_selected,0.36610626110330846
1236,4848,OCNT-2395743,3,CYP3A4,4.89372463,3.903478622436523,0.1423292160044179,0.150420069694519,0.1169022694230079,0.5698375605207795,11,0.8921498656272888,0.4376665307937554,0.6584131121635437,False,not_selected,0.35908821106257144
274,1949,OCNT-2312931,3,CYP3A4,4.528305637,4.790460586547852,0.1545418202887044,0.5462540984153748,0.127496987581253,0.6461507914068316,11,1.0984305143356323,0.5006739798848177,0.617424726486206,False,not_selected,0.3589206909525767
8,3959,OCNT-2318114,3,CYP3A4,2.010743362,3.3720037937164307,0.1484172940264211,0.1731453239917755,0.1274323761463165,0.6067064060070951,11,0.990502953529358,0.4587323141885426,0.6588168144226074,False,not_selected,0.3568465746152526
192,4469,OCNT-2395363,3,CYP3A4,4.867541923,4.179349422454834,0.1535343527803884,0.227100133895874,0.1232259944081306,0.6355471454376984,11,1.0733615159988403,0.4723777925764322,0.6350190043449402,False,not_selected,0.35569441709277544
339,4666,OCNT-2395561,3,CYP3A4,3.054516267,4.438797950744629,0.1355740278969274,0.0403810106217861,0.1136320829391479,0.5749143970778238,11,0.8573780655860901,0.5001921463033652,0.618931770324707,False,not_selected,0.353769348841254
697,546,OCNT-2309471,3,CYP3A4,4.866275922,4.34681510925293,0.1435744166384206,0.1340175867080688,0.1205258816480636,0.6213801115108487,11,0.9813571572303772,0.5243592612662218,0.5866504311561584,False,not_selected,0.3522143493642385
595,1715,OCNT-2312311,3,CYP3A4,2.136561533,3.689672470092773,0.1432620882997976,0.2609772682189941,0.1247676089406013,0.6068448914809607,11,0.9563165307044984,0.4897857454943559,0.6231886744499207,False,not_selected,0.3517040680657826
375,4507,OCNT-2395401,3,CYP3A4,3.515679212,3.778665542602539,0.1417637169371114,0.2379866540431976,0.121658831834793,0.6009187113883323,11,0.9370731711387634,0.488271356964834,0.6229032278060913,False,not_selected,0.3511005321949939
1030,4410,OCNT-2395304,3,CYP3A4,4.167815617,4.586182594299316,0.1541689783344732,0.5860334634780884,0.1352127492427826,0.6552675532524498,11,1.1112412214279177,0.4826219727654369,0.6383751034736633,False,not_selected,0.34882593173269416
1231,1947,OCNT-2312925,3,CYP3A4,4.669072857,4.191119194030762,0.1525246799002157,0.1642330437898636,0.1326921731233596,0.6553692190871205,11,1.0995597839355469,0.4956488685229923,0.6127166152000427,False,not_selected,0.3480837339787604
890,2950,OCNT-2315479,3,CYP3A4,2.213438478,4.153972148895264,0.1466421037922368,0.4521594643592834,0.1241191923618316,0.6402635508491402,11,1.0327855348587036,0.5192278243177293,0.5944989919662476,False,not_selected,0.347954782061531
611,4681,OCNT-2395576,3,CYP3A4,4.395570003,4.393303871154785,0.145048052073525,0.2389799356460571,0.1253832578659057,0.6420128264384637,11,1.024349808692932,0.5096589407254097,0.6048035621643066,False,not_selected,0.34107276308223444
313,4557,OCNT-2395451,3,CYP3A4,3.579423645,3.888922929763794,0.1485321819792257,0.5026258230209351,0.1292595118284225,0.6472930734570747,11,1.0575823783874512,0.4790316871310852,0.6436635255813599,False,not_selected,0.3393884666997969
466,4384,OCNT-2395278,3,CYP3A4,2.678431218,3.0049641132354736,0.1277046650658117,0.2206426113843917,0.1120307967066764,0.5746029609291576,11,0.8071742653846741,0.5221211919115079,0.5982674360275269,False,not_selected,0.33828920179650523
283,2219,OCNT-2313644,3,CYP3A4,5.277013402,4.265654563903809,0.1346630305061803,0.250216007232666,0.1093519479036331,0.5797213346540445,11,0.8587373495101929,0.4527756131154272,0.6664326190948486,False,not_selected,0.3374641487437152
1002,4382,OCNT-2395276,3,CYP3A4,4.304885555,4.525556564331055,0.1410201787958608,0.3632461726665497,0.1182114630937576,0.6281481715394286,11,0.9743972420692444,0.4958246777878368,0.6262433528900146,False,not_selected,0.3358148173733256
284,3943,OCNT-2318073,3,CYP3A4,3.659290205,3.955056190490722,0.1463507115850912,0.4406085014343261,0.1219749450683593,0.6180262770428107,11,0.9949344396591188,0.4179731615629738,0.6941214799880981,False,not_selected,0.3357808379868089
825,3859,OCNT-2317872,3,CYP3A4,3.666389928,2.748011350631714,0.133658617735909,0.1251834481954574,0.1177954673767089,0.5837492210324394,11,0.8582542538642883,0.4594304710416479,0.657819390296936,False,not_selected,0.3341596912045443
111,3560,OCNT-2317107,3,CYP3A4,3.769107792,3.7849678993225098,0.1428103446970449,0.1640035212039947,0.1220640763640403,0.633354669749855,11,0.9949455857276917,0.4801724117766678,0.6508152484893799,False,not_selected,0.3337528598634456
91,102,OCNT-0495189,3,CYP3A4,2.114282752,3.5477101802825928,0.1486789882193075,0.283890426158905,0.1260424107313156,0.6635504864819762,11,1.0852161645889282,0.4798196256460131,0.6322057247161865,False,not_selected,0.3315770075832804
190,3299,OCNT-2316374,3,CYP3A4,3.076821783,3.752955675125122,0.1370584070692525,0.3042848706245422,0.1120486557483673,0.5913412776364105,11,0.891531229019165,0.4286494951887775,0.6842889785766602,False,not_selected,0.3311259191198547
93,4527,OCNT-2395421,3,CYP3A4,5.55095215,4.441650390625,0.1319472640762792,0.2653835117816925,0.1073880344629287,0.5879097061102634,11,0.853303849697113,0.4702406541963289,0.6553937196731567,False,not_selected,0.3299728339891374
214,120,OCNT-0497934,3,CYP3A4,5.491105252,4.419142246246338,0.139074832202004,0.1974799782037735,0.1226236373186111,0.6418690733104712,11,0.9819461703300476,0.509644353103219,0.6184160709381104,False,not_selected,0.3270971352610703
422,1052,OCNT-2310698,3,CYP3A4,2.799867685,4.13053035736084,0.145517811180161,0.3249740898609161,0.1274076700210571,0.6404388122429288,11,1.025147795677185,0.4349430840744511,0.6880765557289124,False,not_selected,0.3260417275950773
1103,2952,OCNT-2315482,3,CYP3A4,5.249099615,4.19499397277832,0.1428085416565404,0.1578436642885208,0.124192014336586,0.6569854183240909,11,1.032054424285889,0.4997543765581241,0.6194256544113159,False,not_selected,0.32600074428687814
384,699,OCNT-2309860,3,CYP3A4,5.150775183,4.056864738464356,0.1324116438637243,0.2433145642280578,0.1120394244790077,0.6137362731467351,11,0.8939241170883179,0.4940116138409952,0.6192573308944702,False,not_selected,0.32232824161736484
673,3393,OCNT-2316664,3,CYP3A4,4.96712044,4.102811336517334,0.1378845423470006,0.392492413520813,0.1193306297063827,0.6377422833781594,11,0.9672828316688538,0.4803031730077091,0.6343187093734741,False,not_selected,0.32005236419920746
25,3815,OCNT-2317750,3,CYP3A4,2.068067157,2.640571594238281,0.155650183559464,0.0861965343356132,0.1484515368938446,0.7228264484643788,11,1.2375887632369995,0.4815964133460528,0.6392333507537842,False,not_selected,0.31904028164475945
1245,4606,OCNT-2395500,3,CYP3A4,5.1413988,4.674567222595215,0.130580723286675,0.0403523631393909,0.1136578619480133,0.6271341755986373,11,0.9008079767227172,0.5183710645265526,0.6001608371734619,False,not_selected,0.31615242724441756
1184,2037,OCNT-2313134,3,CYP3A4,2.472731802,3.822606086730957,0.1293448954830633,0.2733716070652008,0.1102314367890358,0.619978163645774,11,0.8821011185646057,0.5088383375993479,0.6081703901290894,False,not_selected,0.3147861465474647
1018,4776,OCNT-2395671,3,CYP3A4,4.42524445,2.9087915420532227,0.1387509107599721,0.1525545269250869,0.129020556807518,0.6558722793950587,11,1.0010316371917725,0.4795770669584169,0.6342682242393494,False,not_selected,0.3130070777947796
496,4564,OCNT-2395458,3,CYP3A4,3.340401267,3.773756742477417,0.1501059085140691,0.1712295413017273,0.1295048147439956,0.6889787467722843,11,1.137617588043213,0.4338213923994997,0.6754937171936035,False,not_selected,0.3123827313415938
714,4763,OCNT-2395658,3,CYP3A4,2.102320618,3.441117763519287,0.1369963884363637,0.1595224291086197,0.1168455630540847,0.6300753585479287,11,0.9494985342025756,0.4275499744960283,0.6921319961547852,False,not_selected,0.3103901591534822
866,1071,OCNT-2310745,3,CYP3A4,4.952322975,4.1778059005737305,0.1301452219496236,0.3488695025444031,0.1159725040197372,0.6287766251729613,11,0.9001550078392029,0.4971960388940095,0.6269524097442627,False,not_selected,0.3098921031461035
409,235,OCNT-2308645,3,CYP3A4,3.98228713,4.129626274108887,0.1361366212378011,0.0952172800898552,0.1210793405771255,0.6629068777944714,11,0.9927049279212952,0.5045207736120879,0.6175124049186707,False,not_selected,0.3089730723311866
188,629,OCNT-2309670,3,CYP3A4,5.861414615,4.596388816833496,0.1497359275827871,0.5479097962379456,0.1284934878349304,0.7217829031138057,11,1.188845157623291,0.4803120737816985,0.6378026008605957,False,not_selected,0.30709497346566084
1188,3028,OCNT-2315660,3,CYP3A4,2.23280475,3.274000883102417,0.1407251358042226,0.1564709544181823,0.1291986107826233,0.6794887907629263,11,1.051832675933838,0.4606967578021194,0.6565153002738953,False,not_selected,0.30251676319736326
208,1066,OCNT-2310735,3,CYP3A4,2.41579948,3.456242561340332,0.1244687661538587,0.1452994346618652,0.1122972965240478,0.6316811086970344,11,0.8648702502250671,0.5090940099640724,0.6153420209884644,False,not_selected,0.2973574274175359
19,454,OCNT-2309241,3,CYP3A4,2.2069258,3.5460245609283447,0.126328706742333,0.1385077834129333,0.1174856722354888,0.6524595815896073,11,0.9066681265830994,0.4849128596045682,0.6315957307815552,False,not_selected,0.28750765023923835
879,3072,OCNT-2315767,3,CYP3A4,2.44907719,3.37931752204895,0.1382185220728383,0.1768730729818344,0.1303382366895675,0.6944670450658532,11,1.0558702945709229,0.4273942220360334,0.6857627630233765,False,not_selected,0.28409169475625873
1060,4519,OCNT-2395413,3,CYP3A4,4.26554637,2.891474723815918,0.1260481923828588,0.0819001793861389,0.1222993806004524,0.6583059122221253,11,0.9127609729766846,0.4729695674110631,0.6426331400871277,False,not_selected,0.28203476219803253
735,3311,OCNT-2316420,3,CYP3A4,5.58953025,4.958395957946777,0.1352535486231313,0.2769118547439575,0.1194033101201057,0.7112922508766208,11,1.0582528114318848,0.4811260528884731,0.6331470608711243,False,not_selected,0.2816388824206184
1260,4816,OCNT-2395711,3,CYP3A4,4.165031332,3.698992967605591,0.1239819973717199,0.1941371858119964,0.1176003664731979,0.661630573863639,11,0.9023330807685852,0.4785001250348587,0.6379722356796265,False,not_selected,0.2770540024257385
216,4715,OCNT-2395610,3,CYP3A4,3.32945167,2.587530851364136,0.1241605281839834,0.0817783921957016,0.1176162213087081,0.6717571477117037,11,0.917462944984436,0.4612711979947964,0.6548701524734497,False,not_selected,0.27008600411787637
1277,1234,OCNT-2311090,3,CYP3A4,4.322184425,4.873493194580078,0.129596084357308,0.0727356299757957,0.1239019036293029,0.7527436954339941,11,1.073078989982605,0.4865674845343024,0.6322562098503113,False,not_selected,0.25593482389442584
159,4309,OCNT-2328784,0,CYP1A2,5.49263816,5.3406500816345215,0.2746038138876424,0.0372853428125381,0.2589309513568878,0.6397066969665801,11,1.9323248863220213,0.4651776649992655,0.6281332969665527,False,not_selected,
875,86,OCNT-0494110,1,CYP2C9,5.884783357,5.059076309204102,0.2823511958132253,0.1976707726716995,0.22262804210186,0.5114827765384827,11,1.5885955095291138,0.5185146364496616,0.5778781175613403,False,not_selected,
